Group,Conversion Rate
Control,0.12039917935897611
Treatment,0.11891796466546259
